Article ID,Feedback 1,Comments,Label(s),Link to Article,Type
25,I didn't find any useful information.,can add information about how to become a preferred seller?,Constructive Criticism,https://seller.shopee.sg/edu/article/25,article
43,I didn't find any useful information.,shopee express do not come to pickup how to do,Genuine Question,https://seller.shopee.sg/edu/article/43/calculate-late-shipment-rate-LSR,article
43,I didn't find any useful information.,"I ask for holiday mode, system not allow, ask ur guy how to settle this, need a lot information and wait for 3 days , case closed, now u say avoid lat",Negative Complaint,https://seller.shopee.sg/edu/article/43/calculate-late-shipment-rate-LSR,article
43,I didn't find any useful information.,"Most of the time, late shipment happened when courier did not showed up to pickup orders.",Negative Complaint,https://seller.shopee.sg/edu/article/43/calculate-late-shipment-rate-LSR,article
43,I didn't find any useful information.,late shipping is partly some of the items werent scan accordingly courrier error we suffer for the penalty and lost of item ,Negative Complaint,https://seller.shopee.sg/edu/article/43/calculate-late-shipment-rate-LSR,article
44,I didn't find any useful information.,The estimate released date is way past over and I haven't received my payment.Please arrange ASAP ,Negative Complaint,https://seller.shopee.sg/edu/article/44/Shopees-income-withdrawal-process,article
44,I didn't find any useful information.,"your max Withdwal is $9999 , really figure out what oder ID has been paid if refer income sttm  . Please advise ","Negative Complaint, Genuine Question",https://seller.shopee.sg/edu/article/44/Shopees-income-withdrawal-process,article
50,I didn't find any useful information.,Chat response stats need to be separate for seller and buyer. I recently started a shop and it seems my chat response stats as seller is now affected,"Constructive Criticism, Design Feedback",https://seller.shopee.sg/edu/article/50/understanding-chat-response,article
50,I didn't find any useful information.,once a while I will encounter Ghost Chat when there is no buyer chat but I am deducted point for not responding to a Ghost chat. terrible shopee syste,Negative Complaint,https://seller.shopee.sg/edu/article/50/understanding-chat-response,article
53,I didn't find any useful information.,direct me how to add slot ,Genuine Question,https://seller.shopee.sg/edu/article/53/shopee-flash-deals-sessions,article
60,I didn't find any useful information.,i am still seeing nothing in my product detail page,Negative Complaint,https://seller.shopee.sg/edu/article/60,article
71,I didn't find any useful information.,The information did not tell us on how we can select our preferred 3PL partners.,"Constructive Criticism, Design Feedback",https://seller.shopee.sg/edu/article/71/about-shopee-supported-logistics?utm_medium=notification&utm_source=webar,article
71,I didn't find any useful information.,Using spx requires lpn id and pin which was now showed where to obtain these infor,"Design Feedback, Unknown",https://seller.shopee.sg/edu/article/71/about-shopee-supported-logistics,article
168,I didn't find any useful information.,"Seller cancel due to buyer not providing personalised item details, not due to out of stock. No other choice is available.",Constructive Criticism,https://seller.shopee.sg/edu/article/168/calculate-non-fulfilment-rate-NFR,article
168,I didn't find any useful information.,Please add more selections for seller cancel buyer order due to un contactable. ,Constructive Criticism,https://seller.shopee.sg/edu/article/168/calculate-non-fulfilment-rate-NFR,article
168,I didn't find any useful information.,"If is small seller, ordered number low, even with 1 returned parcel, the percentage hit is easily high? Don’t shopee should create tier achievement? ",Constructive Criticism,https://seller.shopee.sg/edu/article/168/calculate-non-fulfilment-rate-NFR,article
168,I didn't find any useful information.,I want to appeal but cannot,Negative Complaint,https://seller.shopee.sg/edu/article/168/calculate-non-fulfilment-rate-NFR,article
168,I didn't find any useful information.,This calculator is merely useless…. It’s totally buyers’ sided. There was a case when I sent out a parcel and ninjavan couldn’t find the item for day,Negative Complaint,https://seller.shopee.sg/edu/article/168/calculate-non-fulfilment-rate-NFR,article
168,I didn't find any useful information.,I responded to buyer to arrange home delivery for an error made. But buyer only realised after cancellation of order,Unknown,https://seller.shopee.sg/edu/article/168/calculate-non-fulfilment-rate-NFR,article
175,I didn't find any useful information.,Doesn't make sense for low-value items,Negative Complaint,https://seller.shopee.sg/edu/article/175/packing-the-orderder,article
181,I didn't find any useful information.,Should provide the link to report violations.,Constructive Criticism,https://seller.shopee.sg/edu/article/181/listing-violations-types,article
181,I didn't find any useful information.,"Shopee practised unfair act to different sellers, I have been reported twice same issue. Other sellers like ""searchme"" was never penalised on this",Negative Complaint,https://seller.shopee.sg/edu/article/181/listing-violations-types,article
181,I didn't find any useful information.,I was flagged for spam listing. But I dont know what type of spam listing i violated. ,Negative Complaint,https://seller.shopee.sg/edu/article/181/listing-violations-types,article
257,I didn't find any useful information.,Calculator wrongly,Constructive Criticism,https://seller.shopee.sg/edu/article/257,article
257,The lessons were too difficult.,Shopee should come out a seller calculator just key in selling price and we can get the take back amount.,Constructive Criticism,https://seller.shopee.sg/edu/article/257,article
257,I didn't find any useful information.,The Transation formula doesnt not reflect the correct rates when i check with the invoice. It closer to 2.33%(2.16% + 8% )? than 2% + 8%,"Negative Complaint, Constructive Criticism",https://seller.shopee.sg/edu/article/257,article
724,I didn't find any useful information.,INSUFFICIENT INFO. 8) CAMPAIGN STOCK - What is 1) No Update ????,"Negative Complaint, Genuine Question",https://seller.shopee.sg/edu/article/724/nominate-products-product-campaign,article
739,I didn't find any useful information.,you can just add links application/shop requirement/hardware requirement all together,Constructive Criticism,https://seller.shopee.sg/edu/article/739,article
749,I didn't find any useful information.,How to help buyer to locate their parcel,Genuine Question,https://seller.shopee.sg/edu/article/749,article
750,I didn't find any useful information.,"Shopee agent do not know the process in handling damaged products, and pushes all fault to seller.. What is than the purpose of this article. ","Negative Complaint, Constructive Criticism",https://seller.shopee.sg/edu/article/750,article
801,I didn't find any useful information.,Outdated info on j & T pick up for all sellers,Constructive Criticism,https://seller.shopee.sg/edu/article/801,article
801,I didn't find any useful information.,How to change SSL ?,Genuine Question,https://seller.shopee.sg/edu/article/801,article
825,I didn't find any useful information.,Need to explain what are Search Ads and Discovery Ads and how will these ads appear in the seller listing. Show examples.,Constructive Criticism,https://seller.shopee.sg/edu/article/825/shopee-ads,article
924,I didn't find any useful information.,"You did not solve my query, this is just a small envelope but I need to pay a postage fee of $0.52, this was not mentioned when I purchased the vouche",Negative Complaint,https://seller.shopee.sg/edu/article/924/dispute-shipping-fee-overcharged?csFillToken=841b44f6-4464-4f8d-b1d5-d85697cfca92,article
924,I didn't find any useful information.,Despite showing weight item of per le shopee still anyhow charge shipping,Negative Complaint,https://seller.shopee.sg/edu/article/924/dispute-shipping-fee-overcharged,article
953,There were broken links.|The lessons were too difficult.|I didn't find any useful information.,confusing ,"Design Feedback, Unknown",https://seller.shopee.sg/edu/article/953,article
1104,The lessons were too difficult.,the shipping fee is need to pay both from buyer and seller?,Genuine Question,https://seller.shopee.sg/edu/article/1104/shipping-fee-rates-shopee-supported-logistics,article
1104,I didn't find any useful information.,Hi how can I use my own shipping partner?,Genuine Question,https://seller.shopee.sg/edu/article/1104/shipping-fee-rates-shopee-supported-logistics/,article
1104,I didn't find any useful information.,i am looking for store pick up,Genuine Question,https://seller.shopee.sg/edu/article/1104/shipping-fee-rates-shopee-supported-logistics,article
1104,I didn't find any useful information.,How can I set shipping for buyers to self collection at selected points?,Genuine Question,https://seller.shopee.sg/edu/article/1104/shipping-fee-rates-shopee-supported-logistics,article
1104,I didn't find any useful information.,i didnt find any store pick up. waiting long time to fix,Negative Complaint,https://seller.shopee.sg/edu/article/1104/shipping-fee-rates-shopee-supported-logistics,article
1104,I didn't find any useful information.,Did not help answer why standard economy shipping changed from 0.00 to 0.60,Negative Complaint,https://seller.shopee.sg/edu/article/1104,article
1438,I didn't find any useful information.|The lessons were too difficult.|Images/gifs did not load.|There were broken links.,Majority of your points does not support packages more than 5kg. So what am I supposed to do?,"Constructive Criticism, Genuine Question",https://seller.shopee.sg/edu/article/1438,article
1438,I didn't find any useful information.,The opening hours for J&T drop off are inaccurate. It wasted a lot of my time going to various drop off point and realised they are all closed. ,"Negative Complaint, Design Feedback",https://seller.shopee.sg/edu/article/1438,article
1643,The lessons were too difficult.,My items are perishable mostly frozen items. I am using sellers own delivery fleet.  Would appreciate having sellers own delivery fleet. Why there is ,Constructive Criticism,https://seller.shopee.sg/edu/article/1643,article
1643,There were broken links.,How come I do not have shopee express selection for delivery to send out ,Genuine Question,https://seller.shopee.sg/edu/article/1643,article
1643,I didn't find any useful information.,If some ceiling fan need my self delivery how to setting  self delivery?,Genuine Question,https://seller.shopee.sg/edu/article/1643,article
1643,I didn't find any useful information.|The lessons were too difficult.,I can't sell my product without shipping mode. Why shopee keeps changing? Thanks. ,Genuine Question,https://seller.shopee.sg/edu/article/1643,article
1643,I didn't find any useful information.,No information on how uParcel is made available to seller. What is the criteria? How will the seller be able to activate this?,"Genuine Question, Design Feedback",https://seller.shopee.sg/edu/article/1643,article
1643,I didn't find any useful information.,Perishable food but seller own fleet delivery transport car are different each time so non of the supported delivery help and can be apply for.,Negative Complaint,https://seller.shopee.sg/edu/article/1643/use-other-shipping-channels,article
1643,I didn't find any useful information.,Shopee Supported Logistics does not provide any benefit as Shopee nor logistics can take responsibility for missing items,Negative Complaint,https://seller.shopee.sg/edu/article/1643,article
1643,The lessons were too difficult.,This NEW system don't benefit small sellers,Negative Complaint,https://seller.shopee.sg/edu/article/1643,article
1643,I didn't find any useful information.,Already submitted 3 times but no response,Negative Complaint,https://seller.shopee.sg/edu/article/1643,article
1643,Images/gifs did not load.,"I use blue sg more offten, hopefully it will be approved for me to send my big and fragile item ",Positive Comment,https://seller.shopee.sg/edu/article/1643,article
2282,I didn't find any useful information.,not informative enough,"Negative Complaint, Constructive Criticism",https://seller.shopee.sg/edu/article/2282/mass-upload-template,article
2417,I didn't find any useful information.,i dont see it,Unknown,https://seller.shopee.sg/edu/article/2417/disabling-shop-decoration,article
2450,I didn't find any useful information.,does shopee add in S&P cost after the above calculation or lump in into the initial calculation after discount but before GST -seller kena S&P as cost,Genuine Question,https://seller.shopee.sg/edu/article/2450,article
2450,I didn't find any useful information.,"From 1st May, are sellers charged both transaction fee and commission fee? Please write clearly.",Genuine Question,https://seller.shopee.sg/edu/article/2450?previousPage=other%20articles,article
2452,I didn't find any useful information.,I already unsubscribe from coin cashback programme but still charging me service fees,Negative Complaint,https://seller.shopee.sg/edu/article/2452,article
2499,I didn't find any useful information.,I need to know how and where can I to drop off my product for shipment to buyer? ,Genuine Question,https://seller.shopee.sg/edu/article/2499/arranging-for-shipment,article
2501,I didn't find any useful information.,True Elements Brand. We have listed our products on your site but when we search True Elements on your site our products on site.,Design Feedback,https://seller.shopee.sg/edu/article/2501,article
2503,I didn't find any useful information.,my problem is not in your list. I unable to choose the date for pick up cos it prompt only 13-07-24 which we are closed on weekend,"Negative Complaint, Design Feedback",https://seller.shopee.sg/edu/article/2503/labelling-the-air-waybill,article
2503,I didn't find any useful information.,"Doesnt explain what to do when after arranging shipment, cannot print ABS","Negative Complaint, Design Feedback",https://seller.shopee.sg/edu/article/2503/labelling-the-air-waybill,article
2509,I didn't find any useful information.,"How do we tell if it's pick up or drop off option, it's not stated under shipping channels",Genuine Question,https://seller.shopee.sg/edu/article/2509,article
2548,I didn't find any useful information.,Did not state need to wait how long before a promotion can be set after price increase.,Constructive Criticism,https://seller.shopee.sg/edu/article/2548/,article
2548,I didn't find any useful information.,the listing should not be deleted if the seller had submitted the document,"Constructive Criticism, Design Feedback",https://seller.shopee.sg/edu/article/2548?utm_medium=notification&utm_source=webar,article
2548,I didn't find any useful information.,"This is just pure stupidity from shopee management. Consumers in the current era are not stupid,  they tend to compare prices.",Negative Complaint,https://seller.shopee.sg/edu/article/2548?utm_medium=notification&utm_source=apppn&__source__=push_notification,article
2554,I didn't find any useful information.,useless junk,Negative Complaint,https://seller.shopee.sg/edu/article/2554,article
2554,I didn't find any useful information.,Pls email me at caitlinleeyq@gmail.com in regard to banning of certain products of mine. I bought my items from LEGO itself ,Negative Complaint,https://seller.shopee.sg/edu/article/2554,article
2559,I didn't find any useful information.,our listings were deleted due to 'duplicate' but it wasnt. and CS refuse to restore it. and this article doesnt even tell properly what is considered ,Negative Complaint,https://seller.shopee.sg/edu/article/2559,article
2559,I didn't find any useful information.,Do not put this up if your system do not even abide to your terms and condition. ,Negative Complaint,https://seller.shopee.sg/edu/article/2559,article
2561,The lessons were too difficult.,didn't give me exact what we should do for my product title.,Constructive Criticism,https://seller.shopee.sg/edu/article/2561,article
2561,I didn't find any useful information.,"Please provide a detail clear explanation on which keyword the seller has used causing the keyword spam, else the seller has to keep on editng title. ",Constructive Criticism,https://seller.shopee.sg/edu/article/2561,article
2561,I didn't find any useful information.,"Product tittle should be enable to put all relevant wording, as different buyer will search using different wording. For instance T-shirt, Tee, .... ",Constructive Criticism,https://seller.shopee.sg/edu/article/2561,article
2561,I didn't find any useful information.,"Even seller indicate the size/ model in title also get banned, dont know what shopee checking team is doing, anyhow define spam","Negative Complaint, Design Feedback",https://seller.shopee.sg/edu/article/2561,article
2577,I didn't find any useful information.,explain temporary,Unknown,https://seller.shopee.sg/edu/article/2577/high-late-shipment-rate-LSR-penalty-points-violation,article
2583,I didn't find any useful information.,Transation fee is not the same as commission fee?,Genuine Question,https://seller.shopee.sg/edu/article/2583,article
2594,I didn't find any useful information.,It's totally unfair.As a seller very disappointed to provide quality products and still getting unwanted and unaware reviews.,Negative Complaint,https://seller.shopee.sg/edu/article/2594/report-abusive-review,article
2610,I didn't find any useful information.,What does unique buyers and net sales mean?,Genuine Question,https://seller.shopee.sg/edu/article/2610,article
2760,I didn't find any useful information.,pls remove JNT from my shop! thank you ,Design Feedback,https://seller.shopee.sg/edu/article/2760/Fulfilment-policy-for-use-of-non-integrated-channels,article
2760,I didn't find any useful information.,Signpost normal delivery ,Design Feedback,https://seller.shopee.sg/edu/article/2760/Fulfilment-policy-for-use-of-non-integrated-channels,article
3272,There were broken links.,not clear information ,Negative Complaint,https://seller.shopee.sg/edu/article/3272/shipping-fee-included-removal,article
3359,I didn't find any useful information.,"hi, how to adjust your shipping fee to $8, please contact our customer support and provide them with the necessary information. Thank you.",Genuine Question,https://seller.shopee.sg/edu/article/3359,article
3688,I didn't find any useful information.,"seriously, this is making sellers extremely inconvenient, as buyers often do not check their shopee app messages.",Negative Complaint,https://seller.shopee.sg/edu/article/3688,article
3693,I didn't find any useful information.,I do not have the option in my seller page,Genuine Question,https://seller.shopee.sg/edu/article/3693,article
3693,I didn't find any useful information.,what are the charges?,Genuine Question,https://seller.shopee.sg/edu/article/3693,article
3693,I didn't find any useful information.,"I need this function. My user id is ""amee.sg"" without the quotes. Please give me the feature","Genuine Question, Constructive Criticism",https://seller.shopee.sg/edu/article/3693,article
5601,I didn't find any useful information.,How much is Shopee's percentage cut? ,Genuine Question,https://seller.shopee.sg/edu/article/5601?previousPage=other%20articles,article
6284,I didn't find any useful information.,How do I stop all the promotion as I can’t enable vacation mode??,Genuine Question,https://seller.shopee.sg/edu/article/6284,article
6285,I didn't find any useful information.,It did not mentioned that if products under promotion not able to turn on vacation mode,"Negative Complaint, Constructive Criticism",https://seller.shopee.sg/edu/article/6285/vacation-mode-faqs,article
6569,I didn't find any useful information.,how to amend if the name is wrongly key in.,Genuine Question,https://seller.shopee.sg/edu/article/6569/Adding-your-brand-to-Shopee-database,article
6569,I didn't find any useful information.,reason for why the brand submition failed,"Genuine Question, Constructive Criticism",https://seller.shopee.sg/edu/article/6569/Adding-your-brand-to-Shopee-database,article
6577,I didn't find any useful information.,Looking for mass update template ,Genuine Question,https://seller.shopee.sg/edu/article/6577,article
6806,I didn't find any useful information.,I'm trying to find categories such as Food Supplement but there is no result in the page (https://seller.shopee.sg/edu/category-guide),Design Feedback,https://seller.shopee.sg/edu/article/6806,article
6806,I didn't find any useful information.,where is the link to start?,Genuine Question,https://seller.shopee.sg/edu/article/6806,article
6806,I didn't find any useful information.,Can not find Alcohol category id,Genuine Question,https://seller.shopee.sg/edu/article/6806,article
6806,The lessons were too difficult.,this is so difficult to select very annoying not so easy last time very easy to choose category,Negative Complaint,https://seller.shopee.sg/edu/article/6806,article
6806,The lessons were too difficult.|Images/gifs did not load.|There were broken links.|I didn't find any useful information.,So irritating! stop changing the category!!!!!!,Negative Complaint,https://seller.shopee.sg/edu/article/6806,article
6823,I didn't find any useful information.,Saturday DTS should not be a working day,Constructive Criticism,https://seller.shopee.sg/edu/article/6823,article
6823,I didn't find any useful information.,What about the time of purchase or doesn't it count? If buyer paid on Monday 23:59 that counts as Monday? And shipped by Wednesday? ,Genuine Question,https://seller.shopee.sg/edu/article/6823?utm_medium=notification&utm_source=appar&__dsrn__=1,article
6823,I didn't find any useful information.,How about if no pick up from spx are courier being penalise ,Genuine Question,https://seller.shopee.sg/edu/article/6823,article
6823,I didn't find any useful information.|The lessons were too difficult.,Why hasn't the account manager contacted me? I need an account manager who understands Chinese.,"Genuine Question, Negative Complaint",https://seller.shopee.sg/edu/article/6823,article
6823,I didn't find any useful information.,This DTS 1 and DTS 2 policy is the worst policy ever. it is super stressful and confusing for both customers and sellers.,Negative Complaint,https://seller.shopee.sg/edu/article/6823,article
6823,I didn't find any useful information.,logistics not picking orders during peak period for 3 to 4 days resulting in cancellation,Negative Complaint,https://seller.shopee.sg/edu/article/6823,article
6823,The lessons were too difficult.,We pack so fast Also useless cos Spx express won’t come on time ,Negative Complaint,https://seller.shopee.sg/edu/article/6823?utm_medium=notification&utm_source=appar,article
6823,I didn't find any useful information.,"seller prepared and arranged to ship customer's order via shopee seller center, yet Shopee's courier did not pick up from seller. So whos problem now?",Negative Complaint,https://seller.shopee.sg/edu/article/6823?utm_medium=notification&utm_source=webar,article
6830,I didn't find any useful information.,Buyer confirmation has been extended to 7 days. Shopee delays payments to sellers for up to 7 days. Pleae reverse this or we switch focus to Lazada!,Negative Complaint,https://seller.shopee.sg/edu/article/6830/Managing-transactions-with-Seller-Balance,article
6830,I didn't find any useful information.,"too many blinking too fast can't catch.Also when  creating PIN, it keep display error....","Negative Complaint, Design Feedback",https://seller.shopee.sg/edu/article/6830/Managing-transactions-with-Seller-Balance,article
6836,I didn't find any useful information.,"To support small entrepreneur, please give more greenlight and intensive. Shopee wanted to limit pre-order less than 5%, a lot of charges on sellee","Negative Complaint, Constructive Criticism",https://seller.shopee.sg/edu/article/6836,article
6838,I didn't find any useful information.,Arrange same day drop off is difficult for seller might packing the order wrongly in order to ship out fast. Nearby dont have drop off point.,"Constructive Criticism, Design Feedback",https://seller.shopee.sg/edu/article/6838/about-mass-processing-orders,article
6841,I didn't find any useful information.,for every listing there's a model for that product with various sizes. i have stock for some sizes but other sizes need pre-order . I unable set ,Constructive Criticism,https://seller.shopee.sg/edu/article/6841,article
6841,There were broken links.,No clear detail given,"Design Feedback, Unknown",https://seller.shopee.sg/edu/article/6841,article
6848,I didn't find any useful information.,Separate buyer and seller chat. I am penalised because of seller auto sending me messages which I dont reply because I am a seller as well.,"Constructive Criticism, Design Feedback",https://seller.shopee.sg/edu/article/6848/use-shopee-seller-chat,article
6850,I didn't find any useful information.,Our sub account dont have message suggestion pop up after creating shortcuts ,Design Feedback,https://seller.shopee.sg/edu/article/6850/about-chat-assistant,article
6858,There were broken links.,"No clear and correct detail given (a proper method) under ""Suggestion"" ","Constructive Criticism, Design Feedback",https://seller.shopee.sg/edu/article/6858/shopee-listing-violation-policy,article
6867,I didn't find any useful information.|The lessons were too difficult.,try to do discount. yet totally different. cancel all discount. ,Negative Complaint,https://seller.shopee.sg/edu/article/6867,article
6870,I didn't find any useful information.,We were not able to dispute on the requests,Negative Complaint,https://seller.shopee.sg/edu/article/6870,article
6884,I didn't find any useful information.,Can I k ow what is the item that is counterfeit .lol,Genuine Question,https://seller.shopee.sg/edu/article/6884?utm_medium=notification&utm_source=appar,article
6884,I didn't find any useful information.,Nothing is infringed in my shop on PC version. You might have sent wrong messages ,Negative Complaint,https://seller.shopee.sg/edu/article/6884?utm_medium=notification&utm_source=appar,article
6897,The lessons were too difficult.,pls contact us 98160687 ,Unknown,https://seller.shopee.sg/edu/article/6897/shopee-seller-penalty-points-system,article
6913,I didn't find any useful information.,It is not helpful when I cannot upload a product image for my listing directly from media space after I have done the logo overlay.,Negative Complaint,https://seller.shopee.sg/edu/article/6913,article
6949,I didn't find any useful information.,"This is just 1 sided loop, keeping 3rd party courier outside the loop. Issues such as damage by courier was never included by Shopee.","Negative Complaint, Design Feedback",https://seller.shopee.sg/edu/article/6949,article
7029,I didn't find any useful information.,Unable to upload previous version template (before 24/Apr/2023),"Design Feedback, Constructive Criticism",https://seller.shopee.sg/edu/article/7029/about-mass-update,article
7039,I didn't find any useful information.,What about frozen products such as seafood and ice-cream?,Genuine Question,https://seller.shopee.sg/edu/article/7039,article
7039,I didn't find any useful information.,How about the others details of pick up locations nor the drop off points location-based on my delivery address for buyer or seller? ,Genuine Question,https://seller.shopee.sg/edu/article/7039,article
7039,I didn't find any useful information.,customer want to self pickup from our shop,Unknown,https://seller.shopee.sg/edu/article/7039,article
7041,I didn't find any useful information.,"pls assist to check why my account still cannot choose pickup from jnt,i alrdy fullfill 5 order per day pickup",Genuine Question,https://seller.shopee.sg/edu/article/7041,article
7069,I didn't find any useful information.,this is not related to Shopee Ads express programn,Unknown,https://seller.shopee.sg/edu/article/7069,article
7074,I didn't find any useful information.,What are the criteria for participating,Genuine Question,https://seller.shopee.sg/edu/article/7074/shopee-flash-deals,article
7088,I didn't find any useful information.,outdated instruction with new crm setting,Constructive Criticism,https://seller.shopee.sg/edu/article/7088/about-chat-broadcast,article
7203,I didn't find any useful information.,Misleading and unhelpful,Negative Complaint,https://seller.shopee.sg/edu/article/7203,article
7203,I didn't find any useful information.,We got license for selling alcohol. Selling it around 5 years. Why now you have banned bomond vodka. We are a dealer the product,"Negative Complaint, Constructive Criticism",https://seller.shopee.sg/edu/article/7203,article
7315,I didn't find any useful information.,cant find it at all,Negative Complaint,https://seller.shopee.sg/edu/article/7315/about-shop-categories,article
7770,I didn't find any useful information.,Is this related to how I can list my product and get it listed in Digital Products section in Shopee App? ,Genuine Question,https://seller.shopee.sg/edu/article/7770,article
7770,I didn't find any useful information.,Unable to locate where to upload ACRA in Seller Centre,Negative Complaint,https://seller.shopee.sg/edu/article/7770,article
7771,I didn't find any useful information.,"Please note that some buyers only want to use for free our air coolers,  chillers and Freezers  for  free over 15 days. We cover warranty not use for ",Constructive Criticism,https://seller.shopee.sg/edu/article/7771,article
7775,There were broken links.,Hi We don't have a local base in Singapore. Would you please provide the information about how to sell on Shopee? Our brand: vivantwine.com.tw,Genuine Question,https://seller.shopee.sg/edu/article/7775,article
7998,I didn't find any useful information.,I didn't get what I'm looking for,Genuine Question,https://seller.shopee.sg/edu/article/7998,article
8167,The lessons were too difficult.,Article is too damn long.,Negative Complaint,https://seller.shopee.sg/edu/article/8167,article
8318,I didn't find any useful information.,how do I become a selected seller for max purchase limit?,Genuine Question,https://seller.shopee.sg/edu/article/8318,article
8318,I didn't find any useful information.,Cannot find this option in my listing,Negative Complaint,https://seller.shopee.sg/edu/article/8318,article
8318,I didn't find any useful information.,I Do not even have the field to input for Max Purchase. I was told its given to selected seller. i wish to be included,Negative Complaint,https://seller.shopee.sg/edu/article/8318,article
8495,I didn't find any useful information.,对于损坏的产品我要如何联系到shoppee投诉,Genuine Question,https://seller.shopee.sg/edu/article/8495/damaged-goods-policy,article
8495,I didn't find any useful information.|Images/gifs did not load.,No link to request compensation. Make more fault for seller to claim from logistics.,Negative Complaint,https://seller.shopee.sg/edu/article/8495/damaged-goods-policy,article
9326,There were broken links.,Service point and operating hours broken link,"Design Feedback, Constructive Criticism",https://seller.shopee.sg/edu/article/9326,article
9326,I didn't find any useful information.,Your parcel is on-hold. Reason: [Item Not Found with Driver],Negative Complaint,https://seller.shopee.sg/edu/article/9326,article
9326,I didn't find any useful information.,"Currently our pick up service been switch to SPX Express, continuing 2 days did not attend our pick-up, totally not as this article descript into.",Negative Complaint,https://seller.shopee.sg/edu/article/9326,article
9326,I didn't find any useful information.,I cannot opt out of shopee xpress,Negative Complaint,https://seller.shopee.sg/edu/article/9326,article
9326,I didn't find any useful information.,It doesn't solve my problem. Shopee express doesn't pick up at my location at all despite me fulfilling the pick up criteria,Negative Complaint,https://seller.shopee.sg/edu/article/9326?utm_medium=notification&utm_source=appar&__dsrn__=1,article
9326,I didn't find any useful information.,I want to change my shipping chanel from j&t to spxBut there NOOption for me to do so,"Negative Complaint, Constructive Criticism",https://seller.shopee.sg/edu/article/9326,article
9625,I didn't find any useful information.,It does not contain information on what are the criteria that need to be met in order to be qualified for MPQ option.,Constructive Criticism,https://seller.shopee.sg/edu/article/9625/minimum-purchase-quantity,article
9625,I didn't find any useful information.,"There is no ""Minimum Purchase Quantity"" field in the product details page and mass upload template.",Constructive Criticism,https://seller.shopee.sg/edu/article/9625/minimum-purchase-quantity,article
9625,I didn't find any useful information.,i dont see the MOQ option,"Constructive Criticism, Design Feedback",https://seller.shopee.sg/edu/article/9625/minimum-purchase-quantity,article
9625,I didn't find any useful information.,I cannot find the minimum purchase quantity feature,"Constructive Criticism, Design Feedback",https://seller.shopee.sg/edu/article/9625/minimum-purchase-quantity,article
9625,I didn't find any useful information.,there is no column to update minimum qty under my product page,Design Feedback,https://seller.shopee.sg/edu/article/9625,article
9625,I didn't find any useful information.,This is done in 2021. The layout now does not have the minimum purchase quantity.,"Design Feedback, Constructive Criticism",https://seller.shopee.sg/edu/article/9625/minimum-purchase-quantity,article
9625,Images/gifs did not load.|There were broken links.,Minimum order quantity is no longer visible (SAFARI MAC OS),"Design Feedback, Constructive Criticism",https://seller.shopee.sg/edu/article/9625/minimum-purchase-quantity,article
9625,I didn't find any useful information.,"It says that this only applies for selected sellers, what about others? Thanks.",Genuine Question,https://seller.shopee.sg/edu/article/9625/minimum-purchase-quantity,article
9625,I didn't find any useful information.,Can't find this MOQ feature in seller center,Genuine Question,https://seller.shopee.sg/edu/article/9625/minimum-purchase-quantity,article
9625,I didn't find any useful information.,There is no MPQ to be found in any of the template. Is this even updated?,"Genuine Question, Design Feedback",https://seller.shopee.sg/edu/article/9625/minimum-purchase-quantity,article
9625,I didn't find any useful information.,The information is not updated. My account can no longer set minimum purchase quantity.,Negative Complaint,https://seller.shopee.sg/edu/article/9625/minimum-purchase-quantity,article
9625,I didn't find any useful information.,Outdated info.,Negative Complaint,https://seller.shopee.sg/edu/article/9625/minimum-purchase-quantity,article
9625,I didn't find any useful information.,I still cannot set MOQ!! There is no option for setting MOQ under my sales information. ,Negative Complaint,https://seller.shopee.sg/edu/article/9625/minimum-purchase-quantity,article
9625,I didn't find any useful information.,My problem not solved ,Negative Complaint,https://seller.shopee.sg/edu/article/9625/minimum-purchase-quantity,article
9625,There were broken links.,There was no option to change the MOQ amount.,Negative Complaint,https://seller.shopee.sg/edu/article/9625/minimum-purchase-quantity,article
9625,I didn't find any useful information.,Could not find Minimum Purchase Quantity in excle,"Negative Complaint, Design Feedback",https://seller.shopee.sg/edu/article/9625/minimum-purchase-quantity,article
9625,I didn't find any useful information.|There were broken links.,unable to view links upon clicking and did not state ways of being selected for eligibility of setting minimum order quantity,"Negative Complaint, Design Feedback",https://seller.shopee.sg/edu/article/9625/minimum-purchase-quantity,article
9625,I didn't find any useful information.,update the information please,Unknown,https://seller.shopee.sg/edu/article/9625/minimum-purchase-quantity,article
10047,There were broken links.,Some orders have print invoice option and some does not. I have some orders less than 1 month without print invoice option.,Genuine Question,https://seller.shopee.sg/edu/article/10047,article
10047,I didn't find any useful information.,I don't even that that option to print invoice so what am I expected to do?,"Genuine Question, Negative Complaint",https://seller.shopee.sg/edu/article/10047,article
10047,I didn't find any useful information.,dont have that button,Negative Complaint,https://seller.shopee.sg/edu/article/10047,article
10047,I didn't find any useful information.,there is no print invoice at all.,Negative Complaint,https://seller.shopee.sg/edu/article/10047,article
10047,I didn't find any useful information.,The information herein is not found at all.,Negative Complaint,https://seller.shopee.sg/edu/article/10047,article
10047,I didn't find any useful information.,can find the buttons shown on site. website updated but not help page.,"Negative Complaint, Design Feedback",https://seller.shopee.sg/edu/article/10047,article
10047,There were broken links.|I didn't find any useful information.,The print invoice button is not available. This article since outdated.,"Negative Complaint, Design Feedback",https://seller.shopee.sg/edu/article/10047,article
10792,I didn't find any useful information.,There is no DTS in my Product Details page,"Design Feedback, Constructive Criticism",https://seller.shopee.sg/edu/article/10792,article
10831,I didn't find any useful information.,The SPX service point list is incomplete. I know of 1 dropoff point but didnt see it on the map. Good to provide a list on the website rather than map,"Constructive Criticism, Design Feedback",https://seller.shopee.sg/edu/article/10831,article
10831,There were broken links.,"1. Has a clearly printed Air Waybill (AWB)SPX Service Points will not accept any parcels with AWB. -> Is this a typo? Should be ""without AWB""?","Constructive Criticism, Design Feedback",https://seller.shopee.sg/edu/article/10831,article
10831,I didn't find any useful information.,bad,Negative Complaint,https://seller.shopee.sg/edu/article/10831,article
10831,I didn't find any useful information.,hi please arrange shopee express pick up on time dont know what reason why they keep not coming and all the parcels got expired ,Negative Complaint,https://seller.shopee.sg/edu/article/10831,article
10831,I didn't find any useful information.,Keep experiencing shipping errors. Consecutive Unsuccessful pickups shown even though item had been confirmed to be dropped off successfully.,Negative Complaint,https://seller.shopee.sg/edu/article/10831,article
10831,The lessons were too difficult.|Images/gifs did not load.|There were broken links.|I didn't find any useful information.,Difficulty ,Unknown,https://seller.shopee.sg/edu/article/10831,article
11182,I didn't find any useful information.,There is no explanation on how the CRR is calculated.,Constructive Criticism,https://seller.shopee.sg/edu/article/11182/chat-response-rate-faqs,article
11182,The lessons were too difficult.,Need simple answer,Genuine Question,https://seller.shopee.sg/edu/article/11182/chat-response-rate-faqs,article
11209,I didn't find any useful information.,"Not found   Under the Adjustment tab on the My Balance page, select a transaction with ",Unknown,https://seller.shopee.sg/edu/article/11209,article
11469,I didn't find any useful information.,i cant find the option for full screen option in chat box corner,"Design Feedback, Genuine Question",https://seller.shopee.sg/edu/article/11469/navigate-shopee-seller-chat-pc,article
11695,I didn't find any useful information.,I asked the seller to cancel my order. Politely,Positive Comment,https://seller.shopee.sg/edu/article/11695/chat-violations,article
11696,I didn't find any useful information.,"When I report such cases, there is no action taken towatd the seller",Negative Complaint,https://seller.shopee.sg/edu/article/11696?utm_medium=notification&utm_source=appar,article
11696,I didn't find any useful information.,A lot more,Unknown,https://seller.shopee.sg/edu/article/11696?utm_medium=notification&utm_source=appar,article
11702,I didn't find any useful information.,control your seller,Unknown,https://seller.shopee.sg/edu/article/11702/unfair-competition-policy,article
11889,I didn't find any useful information.,Unable to disable Shopee Xpress shipping channel,"Constructive Criticism, Design Feedback",https://seller.shopee.sg/edu/article/11889/set-shipping-channels,article
11889,I didn't find any useful information.|The lessons were too difficult.,don't understand,Unknown,https://seller.shopee.sg/edu/article/11889/set-shipping-channels,article
12279,There were broken links.,The product video does not display play button despite following instruction,Design Feedback,https://seller.shopee.sg/edu/article/12279/product-videos,article
12348,I didn't find any useful information.,The auo-refund/return process needs to be changed,"Constructive Criticism, Design Feedback",https://seller.shopee.sg/edu/article/12348,article
12348,I didn't find any useful information.,i need a link to raise dispute as I am cross border seller which received my returned parcel after many days,Genuine Question,https://seller.shopee.sg/edu/article/12348/return-refund-dispute-,article
12348,I didn't find any useful information.,shopee agents never check all details provided by seller properly,Negative Complaint,https://seller.shopee.sg/edu/article/12348/return-refund-dispute-,article
12348,The lessons were too difficult.|I didn't find any useful information.,"no more useful, hope to find a link to raise a claim",Negative Complaint,https://seller.shopee.sg/edu/article/12348,article
12348,I didn't find any useful information.,"We did our due deligent to send out items, and cause of fussy customer. We are not mall seller, why do we have to agree to change of mind? ",Negative Complaint,https://seller.shopee.sg/edu/article/12348,article
12349,I didn't find any useful information.,Should let sellers to reject the buyer's return / refund in the first place.,Constructive Criticism,https://seller.shopee.sg/edu/article/12349,article
12349,I didn't find any useful information.,"i got items all cancelled but no refund, pls do refund ototal $100+, i will advise other not to buy from shopee n put inside forum",Negative Complaint,https://seller.shopee.sg/edu/article/12349,article
12551,I didn't find any useful information.,"If customer doesn't select free shipping voucher, does Seller participating in Free Shipping Programme still need to pay 2.14% fee? ","Genuine Question, Constructive Criticism",https://seller.shopee.sg/edu/article/12551?utm_medium=notification&utm_source=appar,article
12551,The lessons were too difficult.,Troublesome procedures to purchase something. Claim here and there. ,Negative Complaint,https://seller.shopee.sg/edu/article/12551?utm_medium=notification&utm_source=apppn&__source__=push_notification,article
12551,I didn't find any useful information.,"The shipping on the item indicate is free shipping but at payment, shipping fee still applied automatically. Very confusing. Trust fail.","Negative Complaint, Design Feedback",https://seller.shopee.sg/edu/article/12551,article
12551,I didn't find any useful information.,Very confusing……..not user friendly ,"Negative Complaint, Design Feedback",https://seller.shopee.sg/edu/article/12551,article
12637,I didn't find any useful information.,"3PLs are unable to meet the delivery time driver would arrive past the opening hours, and take a picture of a closed office -mark as no item 2 pickup",Design Feedback,https://seller.shopee.sg/edu/article/12637,article
12637,I didn't find any useful information.,What happen to parcel that is more than 30 kg?,Genuine Question,https://seller.shopee.sg/edu/article/12637,article
12637,I didn't find any useful information.,"Will there discount for self drop off? If not, why we want to self drop off to warehouse which is the location is far away. ","Genuine Question, Negative Complaint",https://seller.shopee.sg/edu/article/12637,article
12637,I didn't find any useful information.,I only have the option for SPX Drop off which only accepts parcels < 80cm and to be sent within 2 days. Support response is only given in 5 to 8 days.,Negative Complaint,https://seller.shopee.sg/edu/article/12637,article
12637,I didn't find any useful information.,"Once J&T Express missed the pick-up, they marked the status as (Parcel not ready), instead of marking them as (ran out of time).",Negative Complaint,https://seller.shopee.sg/edu/article/12637,article
12637,I didn't find any useful information.,"How can you expect me to carry so heavy parcel to the warehouse, that is weight 7 LItre of bottles.  Waited so long for the Pick UP? Order ID221216RR","Negative Complaint, Design Feedback",https://seller.shopee.sg/edu/article/12637?fbclid=IwAR3PdqQBzvCE9l-rWJcgp72KS-5T3j1ybS8A0uZZnPS3aUzkFzkr-7Z17y8,article
12637,I didn't find any useful information.,哎 不知道说你们什么好 只能祝你们好运了,Unknown,https://seller.shopee.sg/edu/article/12637,article
13107,The lessons were too difficult.|I didn't find any useful information.,need more detailed example,Constructive Criticism,https://seller.shopee.sg/edu/article/13107/seller-fees,article
13107,The lessons were too difficult.|There were broken links.|I didn't find any useful information.,"wrong information, here say this percentage but end up charge 10% of our order amount!",Negative Complaint,https://seller.shopee.sg/edu/article/13107/seller-fees,article
13976,I didn't find any useful information.,I already contact and spoke to the person in shopee chat and told me that today there will be a pick up.  But to my disappointment the pickup  failed,Negative Complaint,https://seller.shopee.sg/edu/article/13976/unsuccessful-pickup-,article
14005,I didn't find any useful information.,better to have a function that allows seller to MASS DELETE or MASS DELIST ,Constructive Criticism,https://seller.shopee.sg/edu/article/14005/how-to-delete-a-listing-,article
14005,I didn't find any useful information.,No solution to delete shop,Design Feedback,https://seller.shopee.sg/edu/article/14005/how-to-delete-a-listing-,article
14007,I didn't find any useful information.,how do i remove cc installment from my payment method,Genuine Question,https://seller.shopee.sg/edu/article/14007/instalment-payment-method-,article
14170,The lessons were too difficult.|I didn't find any useful information.,It’s just too complicating,Negative Complaint,https://seller.shopee.sg/edu/article/14170/edit-and-delist-listings-,article
14216,I didn't find any useful information.,I am a Singapore seller and am exploring to sell my products overseas to Taiwan and Vietnam. ,"Genuine Question, Constructive Criticism",https://seller.shopee.sg/edu/article/14216/how-to-sell-from-overseas-,article
14216,I didn't find any useful information.,I want to sell overseas and I am a seller based in Singapore. This article is not helpful.,Negative Complaint,https://seller.shopee.sg/edu/article/14216/how-to-sell-from-overseas-,article
14216,I didn't find any useful information.,not much details,Unknown,https://seller.shopee.sg/edu/article/14216/how-to-sell-from-overseas-,article
14234,I didn't find any useful information.,In shopee app adding variations isn't applicable ,"Design Feedback, Constructive Criticism",https://seller.shopee.sg/edu/article/14234/product-variations-,article
14234,I didn't find any useful information.,Still unsure how to do it,Genuine Question,https://seller.shopee.sg/edu/article/14234/product-variations-,article
14234,I didn't find any useful information.,I am unable to find any help to get the results shown in the video ,Negative Complaint,https://seller.shopee.sg/edu/article/14234/product-variations-,article
14234,I didn't find any useful information.,Confusing,Negative Complaint,https://seller.shopee.sg/edu/article/14234/product-variations-,article
14291,I didn't find any useful information.,Give actual contact numbers/persons that we can contact that can provide help within the day as this is a pick up issue.,Constructive Criticism,https://seller.shopee.sg/edu/article/14291/delivery-dispatch-fails-pickup,article
14366,The lessons were too difficult.|I didn't find any useful information.,Not sure any benefit to seller,Unknown,https://seller.shopee.sg/edu/article/14366/preferred-seller-pause-periods,article
14431,I didn't find any useful information.,"This is not helpful if we wan to see all the our reviews we have done. Also, i did a reviews over 4 weeks. Yet it doesn't appear in the shop listing","Negative Complaint, Design Feedback",https://seller.shopee.sg/edu/article/14431/rate-buyers,article
14467,I didn't find any useful information.,I need to find the link on PC since im a Malaysia seller and having Shopee SG on my phone is legally not possible,Genuine Question,https://seller.shopee.sg/edu/article/14467,article
14467,The lessons were too difficult.,What is a Shopee LinkAnd how do I LIKE it?,Genuine Question,https://seller.shopee.sg/edu/article/14467#,article
14796,I didn't find any useful information.,i wanted to apply for own fleet use but the google form wrote that it is no longer accepting responses. How do i go about doing so?,Genuine Question,https://seller.shopee.sg/edu/article/14796,article
14903,Images/gifs did not load.|The lessons were too difficult.,The attributes in this sizing charts are too 1 dimension and insufficient to cover the proper information for consumers to under sizing.,"Design Feedback, Constructive Criticism",https://seller.shopee.sg/edu/article/14903,article
14912,I didn't find any useful information.,This is very annoying for our order processing. And right before 6.6!,Negative Complaint,https://seller.shopee.sg/edu/article/14912,article
14912,I didn't find any useful information.,Dont understand why keeping the buyers' names can ensure a safe marketplace for all users. ,Negative Complaint,https://seller.shopee.sg/edu/article/14912?utm_medium=notification&utm_source=webar,article
14912,The lessons were too difficult.|I didn't find any useful information.,"Why shopee keep remove the good function, what’s your management level doing, too many males?",Negative Complaint,https://seller.shopee.sg/edu/article/14912?utm_medium=notification&utm_source=apppn&__source__=push_notification,article
14912,I didn't find any useful information.,"Oversea sellers using the same new policy ? Many times that the customer service cannot reach customers, pls understand the ground work 1st !!! ",Negative Complaint,https://seller.shopee.sg/edu/article/14912,article
14912,I didn't find any useful information.,At least replace their names with username. This is so troublesome when packing orders.,"Negative Complaint, Design Feedback",https://seller.shopee.sg/edu/article/14912,article
15140,I didn't find any useful information.,it is not even available yet,Negative Complaint,https://seller.shopee.sg/edu/article/15140/brand-ip-portal?utm_medium=notification&utm_source=webar,article
15157,The lessons were too difficult.|I didn't find any useful information.,I don't understand.,Genuine Question,https://seller.shopee.sg/edu/article/15157/When-to-dispute-return-refund,article
15157,The lessons were too difficult.,Does buyer hv to pay to return faulty/wrong order when its not buyer's fault? How about overseas seller? ,Genuine Question,https://seller.shopee.sg/edu/article/15157?utm_medium=notification&utm_source=apppn&__source__=push_notification,article
15157,I didn't find any useful information.,The webform is no longer available. ,Negative Complaint,https://seller.shopee.sg/edu/article/15157/When-to-dispute-return-refund,article
15157,I didn't find any useful information.,There is no ruler for Seller not fairly penalized for malpractice - supplied wrong/damaged products,"Negative Complaint, Design Feedback",https://seller.shopee.sg/edu/article/15157?utm_medium=notification&utm_source=webar,article
15342,I didn't find any useful information.,"for a costumed product , a small price is only a payment unit, buyers may pay a few unit . so the shoppe is just going lazada management mode. ",Negative Complaint,https://seller.shopee.sg/edu/article/15342/cannot-list-products,article
15361,I didn't find any useful information.,So where is the link to request pick up?,Genuine Question,https://seller.shopee.sg/edu/article/15361/shipping-channels-pick-up,article
15361,I didn't find any useful information.,What about orders that drop off places cannot accept? How are we supposed to drop off or request for a pick up?,Genuine Question,https://seller.shopee.sg/edu/article/15361/shipping-channels-pick-up,article
15361,I didn't find any useful information.,Its unfair to us if you sudden change your clause as it affected our sales.,Negative Complaint,https://seller.shopee.sg/edu/article/15361/shipping-channels-pick-up,article
15373,I didn't find any useful information.,"article says ""Earnings from your sales will be credited to your Seller Balance within 2 to 7 working days  "" but now agent says upto 25 days",Negative Complaint,https://seller.shopee.sg/edu/article/15373/withdrawing-your-income-faq,article
15373,I didn't find any useful information.,I cant add my bank account. I have tried so many times and still can't withdraw my money. Please help me withdraw my money and add my bank account.,Negative Complaint,https://seller.shopee.sg/edu/article/15373/withdrawing-your-income-faq,article
15549,The lessons were too difficult.,Totally don't understand the part on Obtaining links for images (evidence) uploaded to your Google Drive! Kindly make it more user friendly!,"Constructive Criticism, Design Feedback",https://seller.shopee.sg/edu/article/15549,article
15554,The lessons were too difficult.,"Could show the process of applying for license of it? Including SFA account as Foreigner, Singpass, fee and IRAS etc.",Constructive Criticism,https://seller.shopee.sg/edu/article/15554,article
15623,I didn't find any useful information.,It doesnot help seller to improve. Don’t you think the shipping cost of 1-5kg is ridiculously high?,"Negative Complaint, Constructive Criticism",https://seller.shopee.sg/edu/article/15623/Seller-Shipping-Fees-Adjustment,article
15641,I didn't find any useful information.,"Dear officer i have to listing many times,  still display  two items,   i also report officer many times ,  no relove,   4101448923 &  1759871914 ",Negative Complaint,https://seller.shopee.sg/edu/article/15641/listing-violation-faq,article
15645,I didn't find any useful information.,There is no reason stated on the listing why the product was banned. The product is not violating any of shopee's policies.,Constructive Criticism,https://seller.shopee.sg/edu/article/15645/resolve-ban-listing,article
15649,I didn't find any useful information.,"So if the seller is new and the item is super bulky, how am I going to bring to destinated location point if there is no pick up service? ",Genuine Question,https://seller.shopee.sg/edu/article/15649/Pick-up-Service-Criteria-for-Standard-Delivery-Channel,article
15655,The lessons were too difficult.,New shipping regulation is way too troublesome and tedious,Negative Complaint,https://seller.shopee.sg/edu/article/15655/Introduction-to-new-Shipping-Channel-policy,article
15655,I didn't find any useful information.,"It's not fair, force local Seller. Late/delayed delivery is always affected fr.overseas/Shopee log'tics pro'ders due to uncontrl schedule. pls review ",Negative Complaint,https://seller.shopee.sg/edu/article/15655/Introduction-to-new-Shipping-Channel-policy,article
15736,The lessons were too difficult.,how to be selected seller,Genuine Question,https://seller.shopee.sg/edu/article/15736/compare-listing-purchase-limits,article
15737,I didn't find any useful information.,"im looking for ""How to appeal"", not explanation.",Genuine Question,https://seller.shopee.sg/edu/article/15737/appeal-listing-limit,article
15775,I didn't find any useful information.,what happen if the buyer buy wrong item and we as a seller don't mind to refund the buyer? why we get penalized? we should reject returns? ,Constructive Criticism,https://seller.shopee.sg/edu/article/15775/shopee-fulfilment-policy-faq,article
15776,I didn't find any useful information.,"Seller not in fault for late shipping penalty and preference seller batch revoke, as Shopee supported logistic JNT cockup and never attempt collection",Negative Complaint,https://seller.shopee.sg/edu/article/15776/seller-fault-non-fulfilled-orders,article
15780,I didn't find any useful information.,"after customer make payment, the system will immediately send out message saying that ""Thank you for your purchase, we will ship it as soon as possibl",Unknown,https://seller.shopee.sg/edu/article/15780/automatic-replies-shopee-seller-chat,article
15847,The lessons were too difficult.,Which Country ?.... Cant find where you shipping ?  and cost....Country,"Genuine Question, Design Feedback",https://seller.shopee.sg/edu/article/15847/shipping-deadline-faq,article
15966,I didn't find any useful information.,I had a delivery issue with buyer giving all poor rating due to damaged item . Stupid shopee policy can't remove or hide the poor rating abused by buy,Negative Complaint,https://seller.shopee.sg/edu/article/15966/Updated-overall-product-rating-calculation-logic,article
15999,I didn't find any useful information.,"There isn't ""chat with live agent"" icon.",Design Feedback,https://seller.shopee.sg/edu/article/15999/contact-shopee-customer-service,article
15999,I didn't find any useful information.,I cannot install the application. I want to check my order. What should I do?,Genuine Question,https://seller.shopee.sg/edu/article/15999/contact-shopee-customer-service,article
15999,I didn't find any useful information.,Any contact number to call or email?,Genuine Question,https://seller.shopee.sg/edu/article/15999/contact-shopee-customer-service,article
15999,I didn't find any useful information.|There were broken links.,"there is no direct link to a shopee agent, this is the most important basic feature that's missing for some horrible reason","Negative Complaint, Design Feedback",https://seller.shopee.sg/edu/article/15999/contact-shopee-customer-service,article
15999,The lessons were too difficult.,cannot find the link in shopee ,Unknown,https://seller.shopee.sg/edu/article/15999/contact-shopee-customer-service,article
16064,The lessons were too difficult.,HOW DO i know from where should I COLLECT the goods orderedand whether it has arrived?,Genuine Question,https://seller.shopee.sg/edu/article/16064/SPX-self-collection-channel,article
16064,I didn't find any useful information.,I would like to know where are the self-collection point.,Genuine Question,https://seller.shopee.sg/edu/article/16064/SPX-self-collection-channel,article
16165,I didn't find any useful information.,Reasons for brand rejection was not specified. I applied three times but the reason was not specified as I keep tweaking my applications.,"Negative Complaint, Constructive Criticism",https://seller.shopee.sg/edu/article/16165/track-brand-registration-status-outcome,article
16368,I didn't find any useful information.,There's no add image option now,Design Feedback,https://seller.shopee.sg/edu/article/16368/image-product-description,article
16368,Images/gifs did not load.,"there is no ""Add Images"" tab for my account",Design Feedback,https://seller.shopee.sg/edu/article/16368/image-product-description,article
16368,I didn't find any useful information.,There isn't this option anymore on product description ,Design Feedback,https://seller.shopee.sg/edu/article/16368/image-product-description,article
16368,I didn't find any useful information.,"in my product description area, i cannot see any upload button to click for my picture selection for uploading, Why?","Design Feedback, Constructive Criticism",https://seller.shopee.sg/edu/article/16368/image-product-description,article
16368,I didn't find any useful information.,Unable to add images within the product,"Design Feedback, Constructive Criticism",https://seller.shopee.sg/edu/article/16368/image-product-description,article
16368,I didn't find any useful information.,I don't see a add image tab in product description... why?,"Design Feedback, Genuine Question",https://seller.shopee.sg/edu/article/16368/image-product-description,article
16368,I didn't find any useful information.,"I dont have the ""Add Images"" option on my Product Description Tab",Genuine Question,https://seller.shopee.sg/edu/article/16368/image-product-description,article
16368,I didn't find any useful information.,How to be selected seller to upload images?,Genuine Question,https://seller.shopee.sg/edu/article/16368/image-product-description,article
16368,I didn't find any useful information.,There is no upload images button or icon in my product description. It can only be text,Negative Complaint,https://seller.shopee.sg/edu/article/16368/image-product-description,article
16368,I didn't find any useful information.,i don't have anything like that,Unknown,https://seller.shopee.sg/edu/article/16368/image-product-description,article
16477,I didn't find any useful information.,No sample calculations on how shopee charges the seller,"Design Feedback, Constructive Criticism",https://seller.shopee.sg/edu/article/16477/shopee-selling-fees,article
16478,The lessons were too difficult.,Little confusing ,Unknown,https://seller.shopee.sg/edu/article/16478/seller-fees-calculation,article
16664,I didn't find any useful information.,how to dispute? can't find link or form,Genuine Question,https://seller.shopee.sg/edu/article/16664/dispute-process-overview,article
16920,There were broken links.,Orders before 1 Jan 2022? Or 2023?,Genuine Question,https://seller.shopee.sg/edu/article/16920/2023-gst-rate-changes,article
16920,I didn't find any useful information.,Can give Example how it workIf not can understand at all,"Genuine Question, Constructive Criticism",https://seller.shopee.sg/edu/article/16920/2023-gst-rate-changes?utm_medium=notification&utm_source=webar,article
16950,I didn't find any useful information.,No pop-up message shown when logged in. How to verify????,"Design Feedback, Genuine Question",https://seller.shopee.sg/edu/article/16950/Verifying-Seller-Identity-via-Seller-Centre-and-Shopee-App,article
16950,The lessons were too difficult.,I have problems please contact me at : southval@singnet.com,Negative Complaint,https://seller.shopee.sg/edu/article/16950/Verifying-Seller-Identity-via-Seller-Centre-and-Shopee-App,article
17155,I didn't find any useful information.,The is no information on how much is the campaign deck we need to pay upfront as well as the package entitlement to join.,Negative Complaint,https://seller.shopee.sg/edu/article/17155,article
17155,The lessons were too difficult.,Bad work ,Negative Complaint,https://seller.shopee.sg/edu/article/17155,article
17220,I didn't find any useful information.,"And CS keep giving me same excuse for the deletion. I appeal and appeal, give reply me with stanrdard message. I am a  member and buy SGD from NP.",Negative Complaint,https://seller.shopee.sg/edu/article/17220,article
17220,I didn't find any useful information.,Shopee policy needs to be improved. Naturally Plus repeatedly told me they dont provide LOA. and your platform showed biased treatment to other seller,Negative Complaint,https://seller.shopee.sg/edu/article/17220,article
17220,I didn't find any useful information.,troublesome when there is no NOA when shopee mis-plot listing ,Negative Complaint,https://seller.shopee.sg/edu/article/17220,article
17237,I didn't find any useful information.,I had been happy with current using only Speed Post and now Shopee wants to my my delivery a nightmare by automatically assign my delivery company!!!,Negative Complaint,https://seller.shopee.sg/edu/article/17237,article
17318,I didn't find any useful information.,Unable to add images within the product,"Design Feedback, Constructive Criticism",https://seller.shopee.sg/edu/article/17318/product-images-3-4-ratio,article
17318,The lessons were too difficult.|I didn't find any useful information.,Too complicating,Negative Complaint,https://seller.shopee.sg/edu/article/17318/product-images-3-4-ratio,article
17318,Images/gifs did not load.,Ive tried and still cannot upload 3:4 image,Negative Complaint,https://seller.shopee.sg/edu/article/17318/product-images-3-4-ratio,article
17399,I didn't find any useful information.,I dont sell this,Unknown,https://seller.shopee.sg/edu/article/17399?utm_medium=notification&utm_source=appar,article
17402,I didn't find any useful information.,"Buyer give a bad rating due to item received damaged, however the damage is caused by the logistic services, it is not fair to charge to seller",Negative Complaint,https://seller.shopee.sg/edu/article/17402/customer-satisfaction-faq,article
17662,There were broken links.,the video link is not working,Design Feedback,https://seller.shopee.sg/edu/article/17662,article
17662,The lessons were too difficult.,Do not understand ,Unknown,https://seller.shopee.sg/edu/article/17662?utm_source=App&utm_medium=App%20announcement&utm_campaign=AMS%20Free%20Sample,article
17794,I didn't find any useful information.,"I need to know how to edit campaign prices that are under review, but it wasn't stated. ","Genuine Question, Constructive Criticism",https://seller.shopee.sg/edu/article/17794/price-teaser,article
18269,The lessons were too difficult.,没有华文,Unknown,https://seller.shopee.sg/edu/article/18269,article
18430,The lessons were too difficult.|I didn't find any useful information.,"Asking seller to include GTIN/EAN in my listing, but didn't show how to generate the its and where to get.Please do something to help the seller ",Constructive Criticism,https://seller.shopee.sg/edu/article/18430,article
18430,I didn't find any useful information.,GTIN/EANがない場合の対処方法が書いていない,"Constructive Criticism, Design Feedback",https://seller.shopee.sg/edu/article/18430,article
18430,I didn't find any useful information.,how to generate gtin or eam numbers,Genuine Question,https://seller.shopee.sg/edu/article/18430,article
18430,I didn't find any useful information.,What number do I add?,Genuine Question,https://seller.shopee.sg/edu/article/18430,article
18750,I didn't find any useful information.,pls contact us 98160687,Genuine Question,https://seller.shopee.sg/edu/article/18750,article
18817,The lessons were too difficult.|There were broken links.|I didn't find any useful information.,PLS CONTACT US 98160687,Unknown,https://seller.shopee.sg/edu/article/18817/store-pick-up,article
18839,I didn't find any useful information.,Very difficult to find shippng location over 5kg,"Design Feedback, Negative Complaint",https://seller.shopee.sg/edu/article/18839,article
19014,I didn't find any useful information.,"NDD SPX ALWAYS COME AT 11AM!! HOW DO YOU WANT ME TO PACK THE ORDERS BEFORE 3PM ,BUT COURIER COME SO EARLY! COMPLAINED MANY TIMES BUT NO IMPROVEMENT",Negative Complaint,https://seller.shopee.sg/edu/article/19014/next-day-delivery,article
19403,The lessons were too difficult.,"Utterly rubbish guidelines, if other 3PL can do a better job, you seriously need to reconsider how your delivery team handles items. Ridiculous.",Negative Complaint,https://seller.shopee.sg/edu/article/19403/order-packaging,article
19403,The lessons were too difficult.,PACKING ALL NEED MOENY ,Negative Complaint,https://seller.shopee.sg/edu/article/19403/order-packaging,article
19522,There were broken links.,Theres no appeal button where it supposed to be,Design Feedback,https://seller.shopee.sg/edu/article/19522,article
19522,I didn't find any useful information.,I do my listing correctly But shopee deboosted my listingI'm not sure what's wrong,Negative Complaint,https://seller.shopee.sg/edu/article/19522,article
19522,I didn't find any useful information.,There is no appeal button to click for a wrong suggested category,"Negative Complaint, Design Feedback",https://seller.shopee.sg/edu/article/19522,article
19668,The lessons were too difficult.,u must take note for those seller with 500 items n above.  easy to penalise.  not easy to keep so many stocks.  unfair if u compare with small company,Negative Complaint,https://seller.shopee.sg/edu/article/19668?utm_medium=notification&utm_source=appar&__dsrn__=1,article
19668,I didn't find any useful information.,Late shipments are operational fail on shopee xpress end. People on leave but no replacement driver is sent and NDD delivery treatsame as normal pkg,Negative Complaint,https://seller.shopee.sg/edu/article/19668?utm_medium=notification&utm_source=apppn&__source__=push_notification,article
19668,I didn't find any useful information.,Never told before about LSR. I just submit the report of late shipment today as in 20/11/2023 and this new policy just pop out today too. Coincident?,Negative Complaint,https://seller.shopee.sg/edu/article/19668?utm_medium=notification&utm_source=apppn&__source__=push_notification,article
19689,I didn't find any useful information.,We do not want ndd. We filled a form to opt out. Do not toggle on for us again! We do not want ndd. ,Negative Complaint,https://seller.shopee.sg/edu/article/19689,article
19689,I didn't find any useful information.,Shopee's very own dear courier SPX did NOT pick up item in time. What is Shopee expecting merchant to do?,Negative Complaint,https://seller.shopee.sg/edu/article/19689,article
19689,I didn't find any useful information.,"The drivers always don't collect the parcels as arranged, even though we wait till 8pm+ on some days. No updates, no calls.",Negative Complaint,https://seller.shopee.sg/edu/article/19689,article
19689,Images/gifs did not load.,SPX didn’t pick up NDD and now showing NDD fail on seller’s page? shame on you,Negative Complaint,https://seller.shopee.sg/edu/article/19689,article
19689,I didn't find any useful information.,The pick up never happens. ,Negative Complaint,https://seller.shopee.sg/edu/article/19689?utm_medium=notification&utm_source=appar,article
19689,I didn't find any useful information.,I don't even have next day delivery.,Negative Complaint,https://seller.shopee.sg/edu/article/19689,article
19756,I didn't find any useful information.,If buyer choose self collection point and locker but didn't go collect the parcel? Who should bear the shipping cost? Buyer should be responsible too,Constructive Criticism,https://seller.shopee.sg/edu/article/19756/Announcement-article-for-2024-policy-changes,article
19756,I didn't find any useful information.,"Shopee created an unfair Policy that fines more penalties to sellers. The buyer changes his mind when buying under the buyer's penalty, no refund.",Negative Complaint,https://seller.shopee.sg/edu/article/19756/Announcement-article-for-2024-policy-changes,article
19756,I didn't find any useful information.,"Large parcel is ready, but logistic never come to pickup but update system to 'Parcel not ready, pickup failed', then missed deadline ? Then how?",Negative Complaint,https://seller.shopee.sg/edu/article/19756/Announcement-article-for-2024-policy-changes,article
19756,I didn't find any useful information.,"seller arranged for shipment , courier no turn up , order cancelled, who pay seller's advertising fees and sales profits?",Negative Complaint,https://seller.shopee.sg/edu/article/19756/Announcement-article-for-2024-policy-changes,article
19819,I didn't find any useful information.,Shopee is taking too much commission and platform fee from sellers.,Negative Complaint,https://seller.shopee.sg/edu/article/19819/2024-Key-Fee-Changes,article
20016,I didn't find any useful information.,"Shopee should stop the NDD program, base on always no one pick up after arrangement, this will cause seller in trouble, and seller will penalty by sys",Negative Complaint,https://seller.shopee.sg/edu/article/20016,article
20016,I didn't find any useful information.,Shopee fail to pick up and cause delayed and put the fault to seller.,Negative Complaint,https://seller.shopee.sg/edu/article/20016,article
20156,I didn't find any useful information.,"Don't force people to work just to satisfy your buyers, we're your partners, not your employees for God's sake",Negative Complaint,https://seller.shopee.sg/edu/article/20156/Saturday-as-a-regular-operating-day,article
20159,The lessons were too difficult.,"Shopee should automatically refund when shopee accept COM , not ask seller to do additional work to submit this and that, this is shopee responsibity",Constructive Criticism,https://seller.shopee.sg/edu/article/20159/Change-of-Mind-Seller-Shipping-Fee-Subsidy,article
20218,I didn't find any useful information.,"does not show how the FHR gets tabulated into a % figure. am sending out all orders placed before 2pm within the same day, Mon-sat. But FHR below 90%.",Constructive Criticism,https://seller.shopee.sg/edu/article/20218/Fast-Handover-Rate,article
20218,I didn't find any useful information.,our problems is never not handling over . it is delivery partner ability to come and pick. many shopee partners do not work 24hours and offday,Constructive Criticism,https://seller.shopee.sg/edu/article/20218/Fast-Handover-Rate,article
20218,I didn't find any useful information.,How can uparcel seller get fast hand over rate when order placed before 2pm must be scanned in 2359 on the same day as uparcel can't do that ,Genuine Question,https://seller.shopee.sg/edu/article/20218/Fast-Handover-Rate,article
20218,The lessons were too difficult.,If the logistic shippers are ready to pick up all parcels then it will be easily for us sellers to commit the fast hand over period.,Unknown,https://seller.shopee.sg/edu/article/20218/Fast-Handover-Rate,article
20262,I didn't find any useful information.,Extremely idiotic policy to kill your sellers.,Negative Complaint,https://seller.shopee.sg/edu/article/20262?fbclid=IwAR0HhDa5a_d9suGRavQEHCPHqL4t4S2tgXt2DiNV-0IuVCUYKOPaUUjC8xk,article
20335,I didn't find any useful information.,The information did not inform on where we are still getting 57% chat response rate despite have reply promptly to customer.,Constructive Criticism,https://seller.shopee.sg/edu/article/20335/improve-chat-response-rate,article
20787,I didn't find any useful information.,System shd send the alert to respective logistic team lead instead of let sellers fill up the form as  often fill up few times also no action fr team!,"Constructive Criticism, Design Feedback",https://seller.shopee.sg/edu/article/20787?utm_medium=notification&utm_source=appar&__dsrn__=1,article
21808,The lessons were too difficult.,"I dont understands what does it means by ""Sellers will be able to offer free shipping benefits to buyers at no cost from 5 Sep 2024 onwards.""",Genuine Question,https://seller.shopee.sg/edu/article/21808?utm_medium=notification&utm_source=apppn&__source__=push_notification,article
21808,I didn't find any useful information.,"Commission Fee had increased so much that causes seller to earn less, who will bear for our packaging tools for it where things keep increasing!",Negative Complaint,https://seller.shopee.sg/edu/article/21808,article
21808,I didn't find any useful information.,To adjustment  the commission fee the seller lost  profit margin and these is no benefit for the seller.,"Negative Complaint, Constructive Criticism",https://seller.shopee.sg/edu/article/21808,article
22213,I didn't find any useful information.|The lessons were too difficult.,This is way too complicated and so much work for the sellers... please simplify.,Constructive Criticism,https://seller.shopee.sg/edu/article/22213,article
22213,I didn't find any useful information.,"Bullshit policy to please and side with customer, treat your sellers like your business partners, not your working slaves.",Negative Complaint,https://seller.shopee.sg/edu/article/22213,article
22213,I didn't find any useful information.,Useless implementation. Its going to create more unnecessary issues for logistics. The person who pushed this implementation should reconsider his job,"Negative Complaint, Design Feedback",https://seller.shopee.sg/edu/article/22213,article
23634,I didn't find any useful information.,"The team should think along the purchase amount & not by product category for benefit to everyone, be it Shopee, Seller & customer. Thabk you ",Constructive Criticism,https://seller.shopee.sg/edu/article/23634?utm_medium=notification&utm_source=appar&__dsrn__=1,article
